1,50SZ,500 SHAW ZENTRUM,,Mandaluyong,Metro Manila,NCR - METRO MANILA,NC000,386
2,6AAB,6750 AYALA AVENUE BLDG.,"6750 Ayala Avenue, Makati",Makati,Metro Manila,NCR - METRO MANILA,NC000,108
3,67AA,6780 AYALA AVENUE BLDG.,,Makati,Metro Manila,NCR - METRO MANILA,NC000,147
4,68AA,6788 AYALA AVENUE BLDG.,,Makati,Metro Manila,NCR - METRO MANILA,NC000,171
5,ADGI,A. D. GOTHONG IT CENTER,,Mandaue,Cebu,REGION 7 - CENTRAL VISAYAS,07000,210
6,ACTC,AAI CORPORATE & TECHHOLOGY CENTER,,,,,,285
7,ACFB,ACTIVE FUN BUILDING,,,,,,286
8,AGAP,AG & P SPECIAL ECONOMIC ZONE,,Bauan,Batangas,REGION 4 - SOUTHERN TAGALOG,04000,204
9,AGEZ,AGROTEX GENSAN ECONOMIC ZONE,,Gen. Santos,South Cotabato,REGION 12 - CENTRAL MINDANAO,12000,273
10,AGIB,AGUSTIN I BUILDING,,,,,,287
11,AJMR,AJMR AGRO-INDUSTRIAL ECONOMIC ZONE,,Davao City,Davao,REGION 11 - SOUTHERN MINDANAO,11000,256
12,AKER,AKEAN RESORTS,,,,,,288
13,AQBI,ALDP E-PARK,,,,,,463
14,AMIB,ALI MALL IT BUILDING,,,,,,289
15,ASEO,ASEANA ONE,,Parañaque,Metro Manila,NCR - METRO MANILA,NC000,290
16,ATKB,ATKIMSON BUILDING,,,,,,291
17,ALBS,ABANAO SQUARE,,,,,,421
18,ATBU,ABREEZA CORPORATE CENTER,,Davao City,Davao,REGION 11 - SOUTHERN MINDANAO,11000,427
19,ANWH,AEON CENTRE,Aeon Centre,Muntinlupa,Metro Manila,NCR - METRO MANILA,NC000,426
20,AIES,AGUS INDUSTRIAL ESTATE - SEZ,"Bulac, Sta. Maria, Bulacan",,,,,76
21,ALLI,"ALASKA LAND, INC.",,Pasig,Metro Manila,NCR - METRO MANILA,NC000,414
22,AGIP,ALCOS GLOBAL IT PARK,"QC, NCR",Quezon City,Metro Manila,NCR - METRO MANILA,NC000,232
23,AITP,ALLEGIS I.T. PARK,"Carmelray Industrial Park II, Barangay Tulo, Calamba, Laguna",Calamba,Laguna,REGION 4 - SOUTHERN TAGALOG,04000,74
24,ALLC,ALLEGRO CENTER,"PASONG TAMO EXTENSION, MAKATI CITY",Makati,Metro Manila,NCR - METRO MANILA,NC000,154
25,ALSG,ALPHALAND SOUTHGATE TOWERS,,Makati,Metro Manila,NCR - METRO MANILA,NC000,258
26,AMIM,AMIGO MALL,Iloilo city,Iloilo City,Iloilo,REGION 6 - WESTERN VISAYAS,06000,240
27,ATSE,AMKOR TECHNOLOGY - SEZ,"Brgy. Cupang, Muntinlupa City",Muntinlupa,Metro Manila,NCR - METRO MANILA,NC000,38
28,AIPA,ANGELES INDUSTRIAL PARK - SEZ,"Calibutbut, Bacolor, Pampanga",Bacolor,Pampanga,REGION 3 - CENTRAL LUZON,03000,46
29,ANSC,ANSON'S CENTRE,"Ortigas, Pasig City",Pasig,Metro Manila,NCR - METRO MANILA,NC000,197
30,ARAC,ARANETA CYBERPARK,"Araneta Center along EDSA and P.Tuazon, Quezon City",Quezon City,Metro Manila,NCR - METRO MANILA,NC000,167
31,AEIT,ARCENAS ESTATE I.T. BLDG.,"Banawa Hills, Barangay Labangon, Cebu City",Cebu City,Cebu,REGION 7 - CENTRAL VISAYAS,07000,70
32,AGSE,ASAHI GLASS SPECIAL ECONOMIC ZONE,,Pasig,Metro Manila,NCR - METRO MANILA,NC000,149
33,AUJQ,ASEANA TWO,,Parañaque,Metro Manila,NCR - METRO MANILA,NC000,448
34,ATIP,ASIA TOWN I.T. PARK,"Lahug and Apas, Cebu City",,,,,58
35,ASSB,ASIAN STAR BUILDING,,Muntinlupa,Metro Manila,NCR - METRO MANILA,NC000,202
36,ANPT,AYALA NORTH POINT TECHNOHUB,,Talisay City,Negros Occidental,REGION 6 - WESTERN VISAYAS,06000,275
37,BALB,BA LEPANTO BUILDING,,Makati,Metro Manila,NCR - METRO MANILA,NC000,271
38,BACS,BACOLOD CITY SEZ,,,,,,292
39,BEIC,BENEDICTO I.T. CENTER,,Mandaue,Cebu,REGION 7 - CENTRAL VISAYAS,07000,293
40,BPIB,BPI BUENDIA CENTER,,Makati,Metro Manila,NCR - METRO MANILA,NC000,139
41,BTTC,BTTC CENTRE,,San Juan,Metro Manila,NCR - METRO MANILA,NC000,405
42,BTPA,BACOLOD I.T. PARK,Address,,,,,113
43,BNPE,BAGONG NAYONG PILIPINO - ENTERTAINMENT CITY MANILA,,,,,,272
44,BCEZ,BAGUIO CITY ECONOMIC ZONE,"Loakan Road, Baguio City",Baguio,Benguet,CAR - CORDILLERA ADMINISTRATIVE REGION,CA000,13
45,BALO,BALO-I AGRO INDUSTRIAL ECONOMIC ZONE,,Balo-i,Lanao del Norte,REGION 10 - NORTHERN MINDANAO,10000,235
46,BEZO,BATAAN ECONOMIC ZONE,"Nassco, Mariveles, Bataan",Mariveles,Bataan,REGION 3 - CENTRAL LUZON,03000,14
47,BITC,BATANGAN INFORMATION TECHNOLOGY CENTER,"Kumintang Ibaba, Batangas City",,,,,85
48,BRCT,BATANGAS RACING CIRCUIT TOURISM ESTATE,,Rosario,Batangas,REGION 4 - SOUTHERN TAGALOG,04000,396
49,BGMB,BELLE GRANDE MANILA BAY,,Parañaque,Metro Manila,NCR - METRO MANILA,NC000,413
50,BITP,BIGFOOT INFORMATION TECHNOLOGY PARK,"Bgy. Mactan, Lapu-Lapu City, islad of Mactan",Lapu-Lapu City,Cebu,REGION 7 - CENTRAL VISAYAS,07000,82
51,BWMI,BLUE WAVE MARIKINA IT CENTER,,Marikina,Metro Manila,NCR - METRO MANILA,NC000,220
52,BPIC,BONAVENTURE PLAZA IT CENTER,"Ortigas Avenue corner Connecticut St., Greenhills, San Juan",,,,,89
53,BETE,BORACAY ECOVILLAGE TOURISM ECOZONE,,Malay,Aklan,REGION 6 - WESTERN VISAYAS,06000,140
54,BZYA,BUKIDNON AGRO-RESOURCES EXPORT ZONE,,,,,,451
55,BUCT,BURGUNDY CORPORATE TOWER,"252 Sen. Gil Puyat Avenue, Makati City",Makati,Metro Manila,NCR - METRO MANILA,NC000,168
56,CADE,CAMP DAVID OF THE EAST,,,,,,294
57,CACM,CASH AND CARRY MALL,,,,,,295
58,CABE,CAVITE BIOFUELS ECOZONE,,Magallanes,Cavite,REGION 4 - SOUTHERN TAGALOG,04000,296
59,CMIC,CB MALL IT CENTER,,,,,,297
60,CBIP,CBP-IT PARK,,Cebu City,Cebu,REGION 7 - CENTRAL VISAYAS,07000,276
61,CENC,CENTURY CITY,,Makati,Metro Manila,NCR - METRO MANILA,NC000,298
62,CAIC,CIIF AGRO-INDUSTRIAL PARK - CAGAYAN,,,,,,417
63,CAID,CIIF AGRO-INDUSTRIAL PARK - DAVAO,,Davao City,Davao,REGION 11 - SOUTHERN MINDANAO,11000,257
64,CAIL,CIIF AGRO-INDUSTRIAL PARK - LEGAZPI,,,,,,406
65,CIAP,CIIF AGRO-INDUSTRIAL PARK - SEZ,"Brgy. Kiwalan, Iligan City, Province of Lanao del Norte",Iligan,Lanao del Norte,REGION 10 - NORTHERN MINDANAO,10000,75
66,CLFR,CLUB FILIPINIANA RESORT,,,,,,299
67,CPIP,CALAMBA PREMIERE INTERNATIONAL PARK - SEZ,"Batino, Parian & Barandal, Calamba, Laguna",Calamba,Laguna,REGION 4 - SOUTHERN TAGALOG,04000,28
68,CSIT,CAMARINES SUR INFORMATION TECHNOLOGY PARK,"Capitol Complex, Cadlan Pili, Camarines Sur",Pili,Camarines Sur,REGION 5 - BICOL,05000,83
69,CSZL,CANDELARIA AGRI SPECIAL ECONOMIC ZONE,,Candelaria,Quezon,REGION 4 - SOUTHERN TAGALOG,04000,434
70,CIP1,CARMELRAY INDUSTRIAL PARK I - SEZ,"Canlubang, Calamba, Laguna",Calamba,Laguna,REGION 4 - SOUTHERN TAGALOG,04000,29
71,CIP2,CARMELRAY INDUSTRIAL PARK II - SEZ,"Punta & Tulo, Calamba, Laguna",Calamba,Laguna,REGION 4 - SOUTHERN TAGALOG,04000,30
72,CIBP,CARMELRAY INTERNATIONAL BUSINESS PARK,"CANLUBANG, CALAMBA CITY LAGUNA",Calamba,Laguna,REGION 4 - SOUTHERN TAGALOG,04000,241
73,CCGI,CARMEN CEBU GUM INDUSTRIAL ZONE,,Carmen,Cebu,REGION 7 - CENTRAL VISAYAS,07000,397
74,CEZO,CAVITE ECONOMIC ZONE,"Rosario, Cavite",Rosario,Cavite,REGION 4 - SOUTHERN TAGALOG,04000,19
75,CEZ2,CAVITE ECONOMIC ZONE II,,General Trias,Cavite,REGION 4 - SOUTHERN TAGALOG,04000,252
76,CEIT,CEBU I.T. PARK [FORMERLY ASIA TOWN],,Cebu City,Cebu,REGION 7 - CENTRAL VISAYAS,07000,383
77,CITT,CEBU I.T. TOWER,Cebu,Cebu City,Cebu,REGION 7 - CENTRAL VISAYAS,07000,198
78,CLIP,CEBU LIGHT INDUSTRIAL PARK - SEZ,"Basak, Lapu-Lapu City, Mactan, Cebu",Mactan,Cebu,REGION 7 - CENTRAL VISAYAS,07000,62
79,CSRP,CEBU SOUTH ROAD PROPERTIES,"SOUTH RECLAMATION PROJECT, CEBU CITY",Cebu City,Cebu,REGION 7 - CENTRAL VISAYAS,07000,221
80,CQWZ,CITYNET 1,,Mandaluyong,Metro Manila,NCR - METRO MANILA,NC000,456
81,CITP,CITYWALK INFORMATION TECHNOLOGY PARK,"Aseana Business Park, Bgy. Tambo, Paranaque City",,,,,90
82,CSEZ,CLARK SPECIAL ECONOMIC ZONE,,Angeles,Pampanga,REGION 3 - CENTRAL LUZON,03000,143
83,CLTI,CLARK TI SPECIAL ECONOMIC ZONE,,Angeles,Pampanga,REGION 3 - CENTRAL LUZON,03000,182
84,CAIP,COCOCHEM AGRO-INDUSTRIAL PARK - SEZ,"Aplaya & Danglayan, Bauan, Batangas",Bauan,Batangas,REGION 4 - SOUTHERN TAGALOG,04000,16
85,CITB,CONVERGYS I.T. BLDG.,,Makati,Metro Manila,NCR - METRO MANILA,NC000,118
86,CITC,CREATIVO IT CENTER,,Cebu City,Cebu,REGION 7 - CENTRAL VISAYAS,07000,244
87,C7IT,CROWN 7 I.T. CENTER,,Cebu City,Cebu,REGION 7 - CENTRAL VISAYAS,07000,389
88,CPB1,CYBER PARK BUILDING I,,Quezon City,Metro Manila,NCR - METRO MANILA,NC000,151
89,CYBA,CYBERSCAPE ALPHA,,Pasig,Metro Manila,NCR - METRO MANILA,NC000,418
90,CYBB,CYBERSCAPE BETA,,Pasig,Metro Manila,NCR - METRO MANILA,NC000,419
91,DAFA,DASOLAND: A FAMILY ADVENTURE AND LEISURE PARK,,,,,,408
92,DPIP,DBP IT PLAZA,,Dumaguete City,Negros Oriental,REGION 7 - CENTRAL VISAYAS,07000,134
93,DITC,DG3 I.T. CENTER,Cebu,Cebu City,Cebu,REGION 7 - CENTRAL VISAYAS,07000,237
94,DSEI,DMIA SPECIAL ECONOMIC ZONE I,,,,,,300
95,DSEZ,DMIA SPECIAL ECONOMIC ZONE II,,,,,,301
96,DPPB,DPC PLACE BUILDING,"2322 Chino Roces Avenue, Makati City",Makati,Metro Manila,NCR - METRO MANILA,NC000,3
97,DIPA,DAIICHI INDUSTRIAL PARK - SEZ,"Maguyam, Silang, Cavite",Silang,Cavite,REGION 4 - SOUTHERN TAGALOG,04000,20
98,DITP,DAMOSA IT PARK,Davao,Davao City,Davao,REGION 11 - SOUTHERN MINDANAO,11000,165
99,DIIT,DILIMAN I.T. BLDG.,"Commonwealth Avenue, Diliman Quezon City",Quezon City,Metro Manila,NCR - METRO MANILA,NC000,71
100,ESIT,E-SQUARE I.T. PARK,"Fort Bonifacio, Global City Taguig, Metro Manila",Taguig,Metro Manila,NCR - METRO MANILA,NC000,40
101,EAIE,ECOFUEL AGRO-INDUSTRIAL ECOZONE,,San Mariano,Isabela,REGION 2 - CAGAYAN VALLEY,02000,274
102,ECIC,EDSA CENTRAL I.T. CENTER,"EDSA corner United Street, Mandaluyong City",Mandaluyong,Metro Manila,NCR - METRO MANILA,NC000,80
103,ECI2,EDSA CENTRAL IT CENTER 2,,Mandaluyong,Metro Manila,NCR - METRO MANILA,NC000,175
104,EDGR,EDSA GRAND RESIDENCES,,,,,,302
105,EMDL,EMBARCADERO DE LEGAZPI,,Legaspi City,Albay,REGION 5 - BICOL,05000,303
106,EMIS,EMI - SEZ,"Brgy. Anabu II, Imus, Cavite",Imus,Cavite,REGION 4 - SOUTHERN TAGALOG,04000,61
107,EROS,EROS BUILDING,,Dumaguete City,Negros Oriental,REGION 7 - CENTRAL VISAYAS,07000,260
108,ECGB,EAST CYBER GATE BUILDING,,Mandaluyong,Metro Manila,NCR - METRO MANILA,NC000,141
109,EART,"EASTBAY ARTS, RECREATIONAL AND TOURISM ECONOMIC ZONE","San Roque, Angono & Darangan, Binangonan, Rizall",Binangonan,Rizal,REGION 4 - SOUTHERN TAGALOG,04000,78
110,ECCP,EASTWOOD CITY CYBERPARK,"E. Rodriguez Avenue, Bagumbayan, Quezon City",Quezon City,Metro Manila,NCR - METRO MANILA,NC000,39
111,ECOP,ECO PLAZA,,Makati,Metro Manila,NCR - METRO MANILA,NC000,233
112,ECOT,ECOTOWER,,Taguig,Metro Manila,NCR - METRO MANILA,NC000,1
113,EQMS,ESTANCIA MALL,,,,,,470
114,EETC,ETON CENTRIS,,Quezon City,Metro Manila,NCR - METRO MANILA,NC000,231
115,ETCC,ETON CYBERPOD CORINTHIAN,,Quezon City,Metro Manila,NCR - METRO MANILA,NC000,245
116,ELCC,"EUGENIO LOPEZ, JR. COMMUNICATION CENTER","Mother Ignacia Avenue cor. Sgt. Esguerra St. Diliman, Quezon City",Quezon City,Metro Manila,NCR - METRO MANILA,NC000,67
117,EXBP,EXPORTBANK PLAZA,"Export Bank Drive corner Chino Roces Avenue, Makati City",Makati,Metro Manila,NCR - METRO MANILA,NC000,64
118,FEIC,FEDERATED I.T. CENTER,,,,,,304
119,FIPI,FEDERATED IT PARK II,,,,,,305
120,FWMI,FIESTA WORLD MALL IT CENTER,,Lipa,Batangas,REGION 4 - SOUTHERN TAGALOG,04000,306
121,FEIP,FIL-ESTATE INDUSTRIAL PARK,,,,,,307
122,FBIP,FIRST BATANGAS INDUSTRIAL PARK,,,,,,308
123,FIBI,FIRST BATANGAS INDUSTRIAL PARK II,,,,,,309
124,FXUD,FAIRVIEW TERRACES CORPORATE CENTER,,Quezon City,Metro Manila,NCR - METRO MANILA,NC000,462
125,FEIT,FEDERATED I.T. PARK,"Barangay Sacsac, Bacong, Negros Oriental",Bacong,Negros Oriental,REGION 7 - CENTRAL VISAYAS,07000,69
126,FWMR,FILAM LIFE IT TOWERS,Makati,,,,,455
127,FILA,FILANDIA IT CENTER,,Davao City,Davao,REGION 11 - SOUTHERN MINDANAO,11000,270
128,FIEB,FILINVEST EDSA BUILDING,,Mandaluyong,Metro Manila,NCR - METRO MANILA,NC000,395
129,FITP,FILINVEST TECHNOLOGY PARK CALAMBA - SEZ,"Punta & Burol-Bubuyan, Calamba, Laguna",Calamba,Laguna,REGION 4 - SOUTHERN TAGALOG,04000,7
130,FCIE,FIRST CAVITE INDUSTRIAL ESTATE - SEZ,"Langkaan, Dasmarinas, Cavite",Dasmariñas,Cavite,REGION 4 - SOUTHERN TAGALOG,04000,21
131,FXEW,FIRST INDUSTRIAL TOWNSHIP - SEZ,,,,,,464
132,FOBI,FIRST ORIENTAL BUSINESS & INDUSTRIAL PARK - SEZ,"Ilang, Bunawan District, Davao City",Davao City,Davao,REGION 11 - SOUTHERN MINDANAO,11000,72
133,FPIP,FIRST PHILIPPINE INDUSTRIAL PARK - SEZ,"Sta. Anastacia, Sto. Tomas, Batangas",Sto. Tomas,Batangas,REGION 4 - SOUTHERN TAGALOG,04000,17
134,FGOA,FIRST PHILIPPINE INDUSTRIAL PARK II,,Sto. Tomas,Batangas,REGION 4 - SOUTHERN TAGALOG,04000,432
135,FTIS,FOOD TERMINAL INC. - SEZ,"Food Terminal Complex, East Service Road Taguig, Metro Manila",Taguig,Metro Manila,NCR - METRO MANILA,NC000,6
136,FOPZ,FOODPORT PROCESSING ZONE,,,,,,420
137,FITZ,FORT ILOCANDIA TOURISM ECONOMIC ZONE,"Brgy. Balacad, Laoag City, Ilocos Norte",Laoag,Ilocos Norte,REGION 1 - ILOCOS REGION,01000,77
138,FMIT,FUSION MALL INFORMATION TECHNOLOGY BUILDING,"C5 corner Julia Vargas St., Pasig City",,,,,86
139,GEAI,G.E. ANTONINO IT CENTER,"Ermita, Manila",,,,,135
140,GAIC,GAGFA IT CENTER,,Cebu City,Cebu,REGION 7 - CENTRAL VISAYAS,07000,310
141,GCIC,GAISANO CAPITAL INFO CENTER,,,,,,311
142,GAIE,GETERSON AGRO-INDUSTRIAL ECONOMIC ZONE,,,,,,313
143,GETE,GETERSON ECOZONE,,,,,,312
144,GGIZ,GGVPI IT ZONE,,,,,,314
145,GICC,GST ILOILO CORPORATE CENTER,,,,,,416
146,GTSC,GT TIMES SQUARE CEBU,,,,,,410
147,GTTI,GT TOWER INTERNATIONAL,Ayala Avenue corner H.V. Dela Costa Makati City,Makati,Metro Manila,NCR - METRO MANILA,NC000,54
148,GMMP,GT-METRO MEDICAL PARK,,,,,,315
149,GBPA,GATEWAY BUSINESS PARK - SEZ,"Javalera, General Trias, Cavite",General Trias,Cavite,REGION 4 - SOUTHERN TAGALOG,04000,22
150,GAOT,GATEWAY OFFICE TOWER,,Quezon City,Metro Manila,NCR - METRO MANILA,NC000,138
151,GATT,GATEWAY TOWER,,Quezon City,Metro Manila,NCR - METRO MANILA,NC000,392
152,GNVZ,GENSAN ECONOMIC ZONE,,Gen. Santos,South Cotabato,REGION 12 - CENTRAL MINDANAO,12000,449
153,GCIB,GEORGETOWN CYBERMALL IT BUILDING,"R.N. Pelaez Blvd., Kauswagan, Cagayan de Oro City",,,,,100
154,GITC,GERNARINE INFORMATION TECHNOLOGY CENTER,,Legaspi City,Albay,REGION 5 - BICOL,05000,261
155,GIIP,GLOBAL ISPAT INDUSTRIAL PARK - SEZ,"Brgy. Tominobo, Overton, Iligan City Lanao del Norte",,,,,5
156,GLTC,GLOBAL TRADE CENTER,,Quezon City,Metro Manila,NCR - METRO MANILA,NC000,142
157,G1BP,GLORIETTA 1 BPO,,Makati,Metro Manila,NCR - METRO MANILA,NC000,399
158,GL2B,GLORIETTA 2 BPO,,Makati,Metro Manila,NCR - METRO MANILA,NC000,393
159,G5IT,GLORIETTA 5 IT CENTER,,Makati,Metro Manila,NCR - METRO MANILA,NC000,203
160,GMSE,GOLDEN MILE BUSINESS PARK - SEZ,,Carmona,Cavite,REGION 4 - SOUTHERN TAGALOG,04000,160
161,GOIT,GOODLAND I.T. CENTER,,Makati,Metro Manila,NCR - METRO MANILA,NC000,387
162,GCHR,GRAND CENIA HOTEL AND RESIDENCES,,,,,,415
163,GAPA,GREENFIELD AUTOMOTIVE PARK - SEZ,"Don Jose, Sta. Rosa, Laguna",Sta. Rosa,Laguna,REGION 4 - SOUTHERN TAGALOG,04000,36
164,HANS,HANSTON SQUARE,,Pasig,Metro Manila,NCR - METRO MANILA,NC000,281
165,HWIT,HDMF-WTCI IT TOWER,,Cebu City,Cebu,REGION 7 - CENTRAL VISAYAS,07000,177
166,HDNH,HGS CYBERPARK,,Quezon City,Metro Manila,NCR - METRO MANILA,NC000,444
167,HTEZ,HIJO TOURISM ECONOMIC ZONE,,,,,,316
168,HPIC,HPI CORPORATE CENTER,,Quezon City,Metro Manila,NCR - METRO MANILA,NC000,246
169,HPSB,HPS BUILDING,"Plaridel Street, Mandaue City, Cebu",,,,,84
170,HCPA,HTMT CYBER PARK,"86 E. Rodriguez Jr, Avenue, Bgy. Ugong Norte, Quezon City",,,,,93
171,HAIP,HVG ARCADE I.T. PARK,"HVG Arcade, Subangdaku, Mandaue City",Mandaue,Cebu,REGION 7 - CENTRAL VISAYAS,07000,92
172,HACC,HARVESTER CORPORATE CENTER,,Quezon City,Metro Manila,NCR - METRO MANILA,NC000,390
173,HERE,"HERMOSA ECOZONE INDUSTRIAL PARK
",,Hermosa,Bataan,REGION 3 - CENTRAL LUZON,03000,137
174,HIJO,HIJO SPECIAL ECONOMIC ZONE,,Tagum City,Davao,REGION 11 - SOUTHERN MINDANAO,11000,228
175,ISBU,I-SQUARE BUILDING,ORTIGAS,Pasig,Metro Manila,NCR - METRO MANILA,NC000,381
176,IZUN,ILOILO BUSINESS PARK,,Iloilo City,Iloilo,REGION 6 - WESTERN VISAYAS,06000,437
177,ICDC,ILOILO COMMERCIAL DEVELOPMENT CORP. BUILDING,,Iloilo City,Iloilo,REGION 6 - WESTERN VISAYAS,06000,254
178,ILOT,ILOILO TECHNOHUB,,Iloilo City,Iloilo,REGION 6 - WESTERN VISAYAS,06000,284
179,IITP,INNOVE PLAZA,Samar Loop corner Panay Road,Cebu City,Cebu,REGION 7 - CENTRAL VISAYAS,07000,12
180,ILBU,INSULAR LIFE BUILDING,"6781 Ayala Avenue corner Paseo de Roxas, Makati City",Makati,Metro Manila,NCR - METRO MANILA,NC000,98
181,ILCC,INSULAR LIFE CORPORATE CENTER,"Life Drive, Filinvest Corporate City, Alabang, Muntinlupa City",Muntinlupa,Metro Manila,NCR - METRO MANILA,NC000,97
182,IZSE,IRASAN-ROXAS ZANORTE SPECIAL ECONOMIC ZONE,,Roxas,Zamboanga del Norte,REGION 9 - WESTERN MINDANAO,09000,398
183,ICTE,ISLAND COVE TOURISM ECONOMIC ZONE,"Covelandia Road, Binakayan, Kawit, Cavite",,,,,105
184,JSIC,J. SALVADOR I.T. CENTER,,,,,,317
185,JBSC,JELP BUSINESS SOLUTION CENTER,,Mandaluyong,Metro Manila,NCR - METRO MANILA,NC000,318
186,JESB,JESA BUILDING,,Cebu City,Cebu,REGION 7 - CENTRAL VISAYAS,07000,280
187,JGSC,JG SUMMIT CENTER,,Makati,Metro Manila,NCR - METRO MANILA,NC000,170
188,JGCP,JGC PHILIPPINES BUILDING,Ayala Alabang,Muntinlupa,Metro Manila,NCR - METRO MANILA,NC000,152
189,JICH,JIM CYBER HUB,,,,,,319
190,JMIC,JMALL IT CENTER,,Mandaue,Cebu,REGION 7 - CENTRAL VISAYAS,07000,320
191,JSEP,JPLTI SPECIAL EXPORT PROCESSING,"Sitio Balubal, Bgy. San Isidro, Talakag, Bukidnon",,,,,81
192,JULB,JUAN LUNA BUILDING,,,,,,321
193,JSI2,JY SQUARE IT CENTER II,,Cebu City,Cebu,REGION 7 - CENTRAL VISAYAS,07000,378
194,JYSC,JY SQUARE I.T. CENTER,"Salinas Drive, Lahug, Cebu City",Cebu City,Cebu,REGION 7 - CENTRAL VISAYAS,07000,66
195,JYS3,JY SQUARE IT CENTER III,"SALINAS DRIVE, LAHUG, CEBU CITY",Cebu City,Cebu,REGION 7 - CENTRAL VISAYAS,07000,222
196,JMOE,JASAAN MISAMIS ORIENTAL - SEZ,"Solana and Luz Banzon, Jasaan, Misamis Oriental",Jasaan,Misamis Oriental,REGION 10 - NORTHERN MINDANAO,10000,45
197,JVLJ,JAZZ IT CENTER,,Makati,Metro Manila,NCR - METRO MANILA,NC000,438
198,JHST,JOHN HAY SPECIAL TOURISM ECONOMIC ZONE,,Baguio,Benguet,CAR - CORDILLERA ADMINISTRATIVE REGION,CA000,207
199,JPSE,JOSE PANGANIBAN ECONOMIC ZONE - SEZ,Address,Jose Panganiban,Camarines Norte,REGION 5 - BICOL,05000,115
200,KPTC,K-POINTE TECHNOLOGY CENTER,,Quezon City,Metro Manila,NCR - METRO MANILA,NC000,324
201,KITE,KALIKSI ISLAND TOURISM ECONOMIC ZONE,,,,,,322
202,KDPS,KAWIT DEVELOPMENT PROJECT SPECIAL ECO-TOURISM ZONE,,,,,,323
203,KITZ,KRC I.T. ZONE,Address,Mandaue,Cebu,REGION 7 - CENTRAL VISAYAS,07000,114
204,KAIE,KAMANGA AGRO-INDUSTRIAL ECONOMIC ZONE,,Maasim,Sarangani,REGION 12 - CENTRAL MINDANAO,12000,283
205,KCSE,KEPPEL CEBU SPECIAL ECONOMIC ZONE,Lapu-lapu Cebu City,,,,,136
206,KCEN,KEPPEL CENTER,Address,Cebu City,Cebu,REGION 7 - CENTRAL VISAYAS,07000,111
207,KPMS,KEPPEL PHILIPPINE MARINE - SEZ,,Bauan,Batangas,REGION 4 - SOUTHERN TAGALOG,04000,185
208,KCIT,KING'S COURT IT CENTER,,Makati,Metro Manila,NCR - METRO MANILA,NC000,279
209,LMAI,LCP MEDICAL ARTS AND INNOVATION CENTER I,,,,,,325
210,LEYM,LEYTE MIKYU ECONOMIC ZONE,Pawing Palo Leyte,Palo,Leyte,REGION 8 - EASTERN VISAYAS,08000,282
211,LITC,LIMKETKAI I.T. CENTER,,,,,,326
212,LINI,LINKSY IT PARK,,Dumaguete City,Negros Oriental,REGION 7 - CENTRAL VISAYAS,07000,327
213,LKGI,LKG INFOWORLD IT PARK,"Quirino Highway, Balintawak, Camachile, Quezon City",,,,,128
214,LSSI,LOPUE'S SOUTH SQUARE I.T. PARK,,Bacolod,Negros Occidental,REGION 6 - WESTERN VISAYAS,06000,328
215,LPIP,LP IT PARK,,Dumaguete City,Negros Oriental,REGION 7 - CENTRAL VISAYAS,07000,329
216,LIIP,LAGUNA INTERNATIONAL INDUSTRIAL PARK - SEZ,"Ganado & Mamplasan, Binan Laguna",Biñan,Laguna,REGION 4 - SOUTHERN TAGALOG,04000,31
217,LTPA,LAGUNA TECHNOPARK ANNEX,,Biñan,Laguna,REGION 4 - SOUTHERN TAGALOG,04000,223
218,LTP1,LAGUNA TECHNOPARK INC. - SEZ,"Biñan, Laguna",Biñan,Laguna,REGION 4 - SOUTHERN TAGALOG,04000,32
219,LSIT,LAKESIDE EVOZONE IT PARK,,Sta. Rosa,Laguna,REGION 4 - SOUTHERN TAGALOG,04000,183
220,LEPL,LEXMARK PLAZA,,Cebu City,Cebu,REGION 7 - CENTRAL VISAYAS,07000,119
221,LIDE,LEYTE INDUSTRIAL DEVELOPMENT ESTATE - SEZ,"Isabel, Leyte",Isabel,Leyte,REGION 8 - EASTERN VISAYAS,08000,37
222,LICT,LEYTE INFORMATION COMMUNICATION TECHNOLOGY PARK,,Palo,Leyte,REGION 8 - EASTERN VISAYAS,08000,161
223,LHIC,LIBRAN HOUSE IT CENTER,,Makati,Metro Manila,NCR - METRO MANILA,NC000,178
224,LSP1,LIGHT INDUSTRY & SCIENCE PARK I - SEZ,"Diezmo, Cabuyao, Laguna",Cabuyao,Laguna,REGION 4 - SOUTHERN TAGALOG,04000,33
225,LSP2,LIGHT INDUSTRY & SCIENCE PARK II - SEZ,"Real & La Mesa, Calamba, Laguna",Calamba,Laguna,REGION 4 - SOUTHERN TAGALOG,04000,34
226,LSP3,LIGHT INDUSTRY & SCIENCE PARK III - SEZ,"Real & La Mesa, Calamba, Laguna",Sto. Tomas,Batangas,REGION 4 - SOUTHERN TAGALOG,04000,63
227,LTCL,LIMA TECHNOLOGY CENTER (LIPA),"San Lucas & Bugtong na Dulo, Inosluban Lipa City",Lipa,Batangas,REGION 4 - SOUTHERN TAGALOG,04000,18
228,LEIT,LOPUE'S EAST I.T. CENTER,,Bacolod,Negros Occidental,REGION 6 - WESTERN VISAYAS,06000,211
229,LASI,LUISA AVENUE SQUARE IT BUILDING,Davao,Davao City,Davao,REGION 11 - SOUTHERN MINDANAO,11000,195
230,LIPA,LUISITA INDUSTRIAL PARK - SEZ,"San Miguel, Tarlac",San Miguel,Tarlac,REGION 3 - CENTRAL LUZON,03000,47
231,LPIC,LUXUR PLAZA ITFORMATION CENTRE,Bacolod City,Bacolod,Negros Occidental,REGION 6 - WESTERN VISAYAS,06000,196
232,MAIP,MABUHAY I.T. PARK,,,,,,330
233,MAPA,MANHATTAN PLAZA AREA,,,,,,331
234,MMIT,MC MALL INFORMATION TECHNOLOGY BUILDING,"C5 corner Julia Vargas St., Pasig City",,,,,91
235,M100,MDC 100,,Quezon City,Metro Manila,NCR - METRO MANILA,NC000,375
236,MICP,MICP (NORTH),,,,,,156
237,MEDZ,MINDANAO ECONOMIC DEVELOPMENT ZONE (MATINAO),,,,,,332
238,MJPL,MJ PLAZA,,Makati,Metro Manila,NCR - METRO MANILA,NC000,179
239,MMIC,MMSU I.T. CENTER,,,,,,333
240,MRIS,MRI ECOZONE - SEZ,"Sabang, Danao City, Cebu",Danao,Cebu,REGION 7 - CENTRAL VISAYAS,07000,52
241,MSEC,MSE CENTER,"Makati Stock Exchange, Makati City",Makati,Metro Manila,NCR - METRO MANILA,NC000,116
242,MAEZ,MACROASIA - SEZ,"Nichols Field, NAIA, Pasay City",Pasay,Metro Manila,NCR - METRO MANILA,NC000,41
243,MEZO,MACTAN ECONOMIC ZONE,"Lapu-Lapu City, Mactan, Cebu",Mactan,Cebu,REGION 7 - CENTRAL VISAYAS,07000,24
244,MEZ2,MACTAN ECONOMIC ZONE II - SEZ,"Basak, Lapu-Lapu City, Mactan, Cebu",Mactan,Cebu,REGION 7 - CENTRAL VISAYAS,07000,25
245,MXVN,MALL OF ASIA ARENA ANNEX BLDG. - IT CENTER,,Pasay,Metro Manila,NCR - METRO MANILA,NC000,445
246,MANS,MANGO SQUARE,"Maxilon Avenue corner Juana Osmena Street, Cebu City",Cebu City,Cebu,REGION 7 - CENTRAL VISAYAS,07000,79
247,MAHC,MANILA HARBOUR CENTRE - SEZ,"Tondo, Manila",Manila,Metro Manila,NCR - METRO MANILA,NC000,9
248,MASH,MANILA SOUTH HARBOUR,,,,,,155
249,MAEC,MANTICAO ECOZONE CORPORATION,,Manticao,Misamis Oriental,REGION 10 - NORTHERN MINDANAO,10000,212
250,MACB,MARIA CRISTINA BUILDING,,Cebu City,Cebu,REGION 7 - CENTRAL VISAYAS,07000,247
251,MARM,MARKET MARKET,,Taguig,Metro Manila,NCR - METRO MANILA,NC000,159
252,MPBU,MARVIN PLAZA BUILDING,"2153 Chino Roces Avenue corner Herrera St., Makati City",Makati,Metro Manila,NCR - METRO MANILA,NC000,88
253,MATI,MATINA IT PARK,,,,,,422
254,MMLQ,MCKINLEY EXCHANGE CORPORATE CENTER,,Makati,Metro Manila,NCR - METRO MANILA,NC000,452
255,MHCP,MCKINLEY HILL CYBER PARK,"Fort Bonifacio Global City, Taguig, Metro Manila",Taguig,Metro Manila,NCR - METRO MANILA,NC000,103
256,MITB,MEGACENTER INFORMATION TECHNOLOGY BUILDING,"General Tinio and Melencio Streets, Cabanatuan City",Cabanatuan City,Nueva Ecija,REGION 3 - CENTRAL LUZON,03000,87
257,METS,METROPOLIS STAR,Address,Muntinlupa,Metro Manila,NCR - METRO MANILA,NC000,112
258,MIRE,MISIBIS RESORTS AND ESTATES,"Cagraray Island, Bgy. Misibis, Bacacay, Albay",Boracay,Albay,REGION 5 - BICOL,05000,104
259,MOIT,MONFORT INFORMATION TECHNOLOGY BUILDING,,Bacolod,Negros Occidental,REGION 6 - WESTERN VISAYAS,06000,229
260,MUBC,MULTINATIONAL BANCORPORATION CENTRE,"6805 Ayala Avenue, Makati City",Makati,Metro Manila,NCR - METRO MANILA,NC000,50
261,NCIC,NAGA CITY I.T. CENTER,,,,,,334
262,NCCC,NCCC DAVAO IT CENTER,,Davao City,Davao,REGION 11 - SOUTHERN MINDANAO,11000,213
263,NITC,NORTHWALK INFORMATION TECHNOLOGY CENTER,,,,,,336
264,NYKT,NYK-TDG I.T. PARK,CALAMBA LAGUNA,Calamba,Laguna,REGION 4 - SOUTHERN TAGALOG,04000,385
265,NADN,NASIPIT AGUSAN DEL NORTE INDUSTRIAL ESTATE,,,,,,409
266,NUPK,NEGROS FIRST CYBERCENTRE,,Bacolod,Negros Occidental,REGION 6 - WESTERN VISAYAS,06000,439
267,NCTO,NEW CEBU TOWNSHIP - SEZ,"Cantao-an, Naga, Cebu",Naga,Cebu,REGION 7 - CENTRAL VISAYAS,07000,26
268,NJAI,NEW JUBILEE AGRO-INDUSTRIAL ECONOMIC ZONE,,Baybay,Leyte,REGION 8 - EASTERN VISAYAS,08000,264
269,NCCZ,NEWPORT CITY CYBERTOURISM ZONE,Pasay,Pasay,Metro Manila,NCR - METRO MANILA,NC000,201
270,NITB,NISCOM IT BUILDING,QUEZON CITY,Quezon City,Metro Manila,NCR - METRO MANILA,NC000,153
271,NCZO,NORTHGATE CYBERZONE,"Filinvest Corporate City, Alabang, Muntinlupa City",Muntinlupa,Metro Manila,NCR - METRO MANILA,NC000,42
272,ONGP,ONE GLOBAL PLACE,,Taguig,Metro Manila,NCR - METRO MANILA,NC000,337
273,OSAC,ONE SAN MIGUEL AVENUE CONDOMINIUM,,Pasig,Metro Manila,NCR - METRO MANILA,NC000,338
274,OAIT,OAKRIDGE IT CENTER,,Mandaue,Cebu,REGION 7 - CENTRAL VISAYAS,07000,214
275,OBUI,OCTAGON BUILDING,,Pasig,Metro Manila,NCR - METRO MANILA,NC000,126
276,OKAD,OKADA RESORTS,,Parañaque,Metro Manila,NCR - METRO MANILA,NC000,268
277,ONCC,ONE CORPORATE CENTRE,,Pasig,Metro Manila,NCR - METRO MANILA,NC000,265
278,OJVB,ONE JULIA VARGAS BUILDING,Pasig,Pasig,Metro Manila,NCR - METRO MANILA,NC000,239
279,OSIB,ONE SANPARQ IT BUILDING,Bacolod City,Bacolod,Negros Occidental,REGION 6 - WESTERN VISAYAS,06000,187
280,OSIT,ORIENT SQUARE I.T. BLDG.,"Emerald Avenue, Ortigas Center, Pasig City",Pasig,Metro Manila,NCR - METRO MANILA,NC000,107
281,OITC,OTHER IT COMPANIES OUTSIDE IT PARKS AND BUILDINGS,,Pasay,Metro Manila,NCR - METRO MANILA,NC000,130
282,PISP,PAGBILAO INDUSTRIAL & SCIENCE PARK,,,,,,339
283,PBEZ,PANGLAO BLUEWATER ECONOMIC ZONE,,,,,,340
284,PGRM,PANORAMA,,Taguig,Metro Manila,NCR - METRO MANILA,NC000,435
285,PBCT,PBCOM TOWER,"Ayala Avenue cor. Herrera St., Makati City",Makati,Metro Manila,NCR - METRO MANILA,NC000,59
286,PZPT,PCDU-NAIA PEZA SATELLITE OFFICE,,,,,,465
287,PDIT,PDC INFORMATION TECHNOPARK,,San Rafael,Bulacan,REGION 3 - CENTRAL LUZON,03000,380
288,NAIA,PEZA CUSTOM DOCUMENTATION UNIT - NAIA,,,,,,125
289,PEZA,PEZA HEAD OFFICE,"PEZA Building, Pasay City",Pasay,Metro Manila,NCR - METRO MANILA,NC000,73
290,PLCB,PHILAM LIFE CUBAO BUILDING,,,,,,341
291,PHIB,PHILCOM BUILDING,,,,,,342
292,PHIE,PHILNICO INDUSTRIAL ESTATE,,,,,,343
293,PIAT,PIATCO - SEZ,"Villamor Airbase, Pasay City",,,,,68
294,PIHN,PIONEER HIGHLANDS NORTH,,,,,,344
295,PTEZ,PLANAS TOURISM ECONOMIC ZONE,,,,,,345
296,PLDI,PLAZUELA DE ILOILO,,,,,,346
297,PLDT,PLDT GARNET BUILDING,,Pasig,Metro Manila,NCR - METRO MANILA,NC000,255
298,PLSB,PLDT SAMPALOC BUILDING,,Quezon City,Metro Manila,NCR - METRO MANILA,NC000,259
299,PNPC,PNOC PETROCHEMICAL COMPLEX,,,,,,347
300,POES,POLO ECOCITY SEZ,,,,,,348
301,PRCS,PRINCE CABUYAO - SEZ,,,,,,349
302,PITC,PACIFIC INFORMATION TECHNOLOGY CENTER,"Pascor Drive, Barangay Sto. Niño, Parañaque City",Parañaque,Metro Manila,NCR - METRO MANILA,NC000,49
303,PSBC,PACIFIC STAR BUILDING CONDOMINIUM,,Makati,Metro Manila,NCR - METRO MANILA,NC000,163
304,PITE,PAMALIKAN ISLAND TOURISM ZONE,,Cuyo,Palawan,REGION 4 - SOUTHERN TAGALOG,04000,148
305,PAEZ,PAMPANGA ECONOMIC ZONE,,Angeles,Pampanga,REGION 3 - CENTRAL LUZON,03000,391
306,PAIP,PAMPANGA INDUSTRIAL PARK,,,,,,131
307,PIP2,PANGASINAN INDUSTRIAL PARK II,,Mabini,Pangasinan,REGION 1 - ILOCOS REGION,01000,150
308,PDRE,PASEO DEL RIO DE CAGAYAN ECONOMIC TOURISM ZONE,,Cagayan de Oro,Misamis Oriental,REGION 10 - NORTHERN MINDANAO,10000,267
309,PTCO,PEOPLE'S TECHNOLOGY COMPLEX - SEZ,"Maduya, Carmona, Cavite",Carmona,Cavite,REGION 4 - SOUTHERN TAGALOG,04000,23
310,PSCB,PEOPLESUPPORT CENTER I.T. BLDG.,,Makati,Metro Manila,NCR - METRO MANILA,NC000,120
311,PBXT,PHIL. BXT CORP. TOURISM ECONOMIC ZONE,,Lapu-Lapu City,Cebu,REGION 7 - CENTRAL VISAYAS,07000,215
312,PITT,PHILAMLIFE I.T. BLDG.,"1207 Acacia Avenue, Madrigal Business Park Barangay Ayala Alabang, Muntinlupa City",Muntinlupa,Metro Manila,NCR - METRO MANILA,NC000,2
313,PHIT,PHILAMLIFE I.T. TOWER,,Makati,Metro Manila,NCR - METRO MANILA,NC000,162
314,PPAE,PHILIPPINE PACKING AGRICULTURAL EXPORT PROCESSING ZONE,,Cagayan de Oro,Misamis Oriental,REGION 10 - NORTHERN MINDANAO,10000,193
315,PSEC,PHILIPPINE STOCK EXCHANGE CENTER,,,,,,216
316,PHCC,PHILPLANS CORPORATE CENTER,,Taguig,Metro Manila,NCR - METRO MANILA,NC000,377
317,PTTP,PHILTOWN TECHNOLOGY PARK - SEZ,,Tanauan,Batangas,REGION 4 - SOUTHERN TAGALOG,04000,121
318,PIEC,PHIVIDEC INDUSTRIAL ESTATE-ECONOMIC ZONE,,Villanueva,Misamis Oriental,REGION 10 - NORTHERN MINDANAO,10000,277
319,PIHC,PIONEER HOUSE CEBU,,Cebu City,Cebu,REGION 7 - CENTRAL VISAYAS,07000,169
320,PPCS,PLASTIC PROCESSING CENTER - SEZ,"Alion and Cabcaben, Mariveles, Bataan",Mariveles,Bataan,REGION 3 - CENTRAL LUZON,03000,15
321,PNNM,POLAR CENTER EDSA,,Mandaluyong,Metro Manila,NCR - METRO MANILA,NC000,469
322,PDOI,PUEBLO DE ORO I.T. PARK,"Pueblo Business Park, Brgy. Upper Carmen Cagayan de Oro City",Cagayan de Oro,Misamis Oriental,REGION 10 - NORTHERN MINDANAO,10000,4
323,QPB2,Q PLAZA BLDG. II,,Pasig,Metro Manila,NCR - METRO MANILA,NC000,382
324,RPIT,RCBC PLAZA,Ayala Avenue corner Gil Puyat Avenue Makati City,Makati,Metro Manila,NCR - METRO MANILA,NC000,43
325,RVZI,RCBC SAVINGS BANK CORPORATE CENTER,,Makati,Metro Manila,NCR - METRO MANILA,NC000,431
326,RODA,RCBC SAVINGS BANK CORPORATION,Taguig City,,,,,459
327,RCLA,RCBC SAVINGS CORPORATE CENTER,Taguig City,,,,,460
328,REIC,RELIANCE I.T. CENTER,,,,,,351
329,RIBC,ROBINLAND IT/BPO CENTER,,Cebu City,Cebu,REGION 7 - CENTRAL VISAYAS,07000,352
330,RCDO,ROBINSONS CGAYAN DE ORO,,,,,,353
331,ROCD,ROBINSONS CYBERGATE DAVAO,,Davao City,Davao,REGION 11 - SOUTHERN MINDANAO,11000,354
332,ROMB,ROBINSONS METRO BACOLOD,,,,,,394
333,ROPD,ROBINSONS PLACE DASMARINAS,,,,,,355
334,ROPI,ROBINSONS PLACE ILOILO,,,,,,356
335,RAPU,RAPU-RAPU ECOZONE - SEZ,"Brgys. Malobago and Pagcolbon, Municipality of Rapu-Rapu, Albay",Rapu-Rapu,Albay,REGION 5 - BICOL,05000,11
336,RFCI,"RED FLOWER COMPANY, INC IT","Sun Valley Industrial Zone, Paranaque City",,,,,95
337,REPW,REPUBLIC WAKEPARK,,,,,,412
338,RTEZ,RIO TUBA - SEZ,"Brgy. Rio Tuba, Bataraza, Palawan",Bataraza,Palawan,REGION 4 - SOUTHERN TAGALOG,04000,55
339,RCIB,RIVERBANKS CENTER ICT BUILDING 1,"Riverbanks, Marikina City",Marikina,Metro Manila,NCR - METRO MANILA,NC000,129
340,RCI2,RIVERBANKS CENTER ICT BUILDING 2,,Marikina,Metro Manila,NCR - METRO MANILA,NC000,176
341,RVOC,ROBINSON SUMMIT CENTER,,,,,,447
342,ROLU,ROBINSON'S LUISITA,,Tarlac,Tarlac,REGION 3 - CENTRAL LUZON,03000,208
343,RPLI,ROBINSON'S PLACE LIPA,"Lipa, Batangas",Lipa,Batangas,REGION 4 - SOUTHERN TAGALOG,04000,109
344,RPSR,ROBINSON'S PLACE STA. ROSA,,Sta. Rosa,Laguna,REGION 4 - SOUTHERN TAGALOG,04000,145
345,RSMP,ROBINSON'S STARMILL PAMPANGA,,,,,,146
346,RBRS,ROBINSONS BIG R SUPERCENTER CAINTA JUNCTION,"Ortigas Extension, Bgy. Sto. Domingo, Cainta Rizal",Cainta,Rizal,REGION 4 - SOUTHERN TAGALOG,04000,96
347,ROCY,ROBINSONS CYBERPARK,,Mandaluyong,Metro Manila,NCR - METRO MANILA,NC000,122
348,ROBI,ROBINSONS CYBERGATE CEBU,,Cebu City,Cebu,REGION 7 - CENTRAL VISAYAS,07000,278
349,ROCC,ROBINSONS CYBERGATE CENTER,BACOLOD CITY,Bacolod,Negros Occidental,REGION 6 - WESTERN VISAYAS,06000,224
350,RPNO,ROBINSONS PLACE NOVALICHES,"1199 Quirino Highway corner Maligaya Road Barangay Pasong Putik, Novaliches Quezon City",Quezon City,Metro Manila,NCR - METRO MANILA,NC000,101
351,RPOM,ROBINSONS PLACE OTIS(MANILA GAS),,Manila,Metro Manila,NCR - METRO MANILA,NC000,249
352,RETO,ROBINSONS-EQUITABLE TOWER,"ADB Avenue corner Poveda Street, Ortigas Center, Pasig City",Pasig,Metro Manila,NCR - METRO MANILA,NC000,65
353,SLLB,SAN LAZARO LEISURE AND BUSINESS PARK,,,,,,357
354,SAAI,SARANGANI AGRO-INDUSTRIAL ECONOMIC ZONE,,Alabel,Sarangani,REGION 12 - CENTRAL MINDANAO,12000,358
355,SAMI,SARANGANI MARINE INDUSTRIAL PARK,,,,,,359
356,SDCI,SDC IT BUILDING,"PARANAQUE, METRO MANILA",Parañaque,Metro Manila,NCR - METRO MANILA,NC000,127
357,SUFT,SGI TECHNOLOGY CENTER,,Tanjay,Negros Oriental,REGION 7 - CENTRAL VISAYAS,07000,458
358,SLCE,SL CENTER,,,,,,360
359,SLCB,SLC BUILDING,,Makati,Metro Manila,NCR - METRO MANILA,NC000,388
360,SKWI,SM BF-PARAÑAQUE IT CENTER,,Parañaque,Metro Manila,NCR - METRO MANILA,NC000,443
361,SBCB,SM BAGUIO CYBERZONE BUILDING,,Baguio,Benguet,CAR - CORDILLERA ADMINISTRATIVE REGION,CA000,180
362,SCBI,SM CITY BACOLOD IT CENTER,,,,,,424
363,SMCB,SM CITY BACOOR IT BLDG,"Bacoor, Cavite",Bacoor,Cavite,REGION 4 - SOUTHERN TAGALOG,04000,157
364,SFFS,SM CITY CLARK IT PARK,"M. A. Roxas Highway, Malabanias, Angeles City",Angeles,Pampanga,REGION 3 - CENTRAL LUZON,03000,441
365,SMF2,SM CITY FAIRVIEW-ANNEX II,,Quezon City,Metro Manila,NCR - METRO MANILA,NC000,262
366,SCLI,SM CITY LIPA,,Lipa,Batangas,REGION 4 - SOUTHERN TAGALOG,04000,407
367,SMCP,SM CITY PAMPANGA,"San Fernando, Pampanga",San Fernando City,Pampanga,REGION 3 - CENTRAL LUZON,03000,184
368,SNYG,SM CYBER WEST AVENUE,,Quezon City,Metro Manila,NCR - METRO MANILA,NC000,446
369,SMC1,SM CYBERZONE 1,"Blk. 9, SM Central Business Park, Bay City, Pasay City",Pasay,Metro Manila,NCR - METRO MANILA,NC000,99
370,SUTY,SM LANANG PREMIER IT CENTER,"J.P. Laurel Avenue, Barangay San Antonio, Agdao District, Davao City",Davao City,Davao,REGION 11 - SOUTHERN MINDANAO,11000,430
371,SMME,SM MEGAMALL IT CENTER,,Mandaluyong,Metro Manila,NCR - METRO MANILA,NC000,335
372,SMSI,SM MEZZA STRIP I.T. CENTER,,Quezon City,Metro Manila,NCR - METRO MANILA,NC000,361
373,SMM2,SM MAKATI CYBERZONE 2 BUILDING,,Makati,Metro Manila,NCR - METRO MANILA,NC000,217
374,SMMC,SM MAKATI CYBERZONE BUILDING,,Makati,Metro Manila,NCR - METRO MANILA,NC000,192
375,SSCT,SM SEASIDE CITY TOURISM ECONOMIC ZONE,,,,,,350
376,SMIC,SM ICITY,"SM Central Business Park, Bay City, Pasay City",Pasay,Metro Manila,NCR - METRO MANILA,NC000,8
377,SMI2,SM ICITY2,,Pasay,Metro Manila,NCR - METRO MANILA,NC000,172
378,SMCI,SMCI I.T. CENTER,,Iloilo City,Iloilo,REGION 6 - WESTERN VISAYAS,06000,181
379,SMDI,SMDM IT CENTER,,,,,,423
380,SMIT,SMLC I.T. CENTER,,,,,,362
381,SMMS,SMMS IT CENTER,,Antipolo,Rizal,REGION 4 - SOUTHERN TAGALOG,04000,400
382,SMNE,SMNE IT CENTER,,Quezon City,Metro Manila,NCR - METRO MANILA,NC000,219
383,SPMI,SMPIC SPECIAL ECONOMIC ZONE,Paciano Calamba Laguna,Calamba,Laguna,REGION 4 - SOUTHERN TAGALOG,04000,242
384,SFCP,SOUTH FORBES CYBER PARK,,,,,,363
385,SPFP,SPRING FOREST PRIVADO,,,,,,364
386,SAVE,SRC ALLAH VALEY ECONOMIC DEVELOPMENT ZONE,SOUTH COTABATO,Surallah,South Cotabato,REGION 12 - CENTRAL MINDANAO,12000,226
387,SCED,SRC CALUMPANG ECONOMIC DEVELOPMENT ZONE,,Gen. Santos,South Cotabato,REGION 12 - CENTRAL MINDANAO,12000,123
388,STES,STARMALL EDSA-SHAW,,,,,,365
389,SUIC,SUNNYMEDE IT CENTER,,Quezon City,Metro Manila,NCR - METRO MANILA,NC000,384
390,SFCM,SAINT FRANCES CABRINI MEDICAL TOURISM PARK,,Sto. Tomas,Batangas,REGION 4 - SOUTHERN TAGALOG,04000,164
391,SAIE,SAMAR AGRO-INDUSTRIAL ECONOMIC ZONE,,Calbayog City,Western Samar,REGION 8 - EASTERN VISAYAS,08000,266
392,SACE,SAN CARLOS ECOZONE,,San Carlos City,Negros Occidental,REGION 6 - WESTERN VISAYAS,06000,236
393,SYPU,SAN CARLOS ECOZONE II,,San Carlos City,Negros Occidental,REGION 6 - WESTERN VISAYAS,06000,442
394,SLTB,SAN LAZARO TOURISM AND BUSINESS PARK,,Manila,Metro Manila,NCR - METRO MANILA,NC000,205
395,SITB,SANCTUARY IT BUILDING,"URDANETA CITY, PANGASINAN",Urdaneta,Pangasinan,REGION 1 - ILOCOS REGION,01000,225
396,SEDZ,SARANGANI ECONOMIC DEVELOPMENT ZONE - SEZ,"Cannery, Polomolok, South Cotabato",Polomolok,South Cotabato,REGION 12 - CENTRAL MINDANAO,12000,56
397,SILC,SILVER CITY,,Pasig,Metro Manila,NCR - METRO MANILA,NC000,234
398,SAVD,SILVER CITY 2 & 3,,Pasig,Metro Manila,NCR - METRO MANILA,NC000,457
399,SOL1,SOLARIS ONE,,Makati,Metro Manila,NCR - METRO MANILA,NC000,248
400,SORP,SOUTH RECLAMATION PROPERTIES,,,,,,379
401,STYE,SPARK PLACE,,Quezon City,Metro Manila,NCR - METRO MANILA,NC000,450
402,SFIC,ST. FRANCIS IT CENTRE,,Bacolod,Negros Occidental,REGION 6 - WESTERN VISAYAS,06000,425
403,SLMC,ST. LUKE'S MEDICAL CENTER BONIFACIO GLOBAL CITY,,Taguig,Metro Manila,NCR - METRO MANILA,NC000,158
404,SMIP,STA. MARIA INDUSTRIAL PARK,STA. MARIA BULACAN,Sta. Maria,Bulacan,REGION 3 - CENTRAL LUZON,03000,227
405,SRCI,STA. ROSA COMMERCIAL I.T. PARK,"Bo. San Jose, Sta. Rosa, Laguna",Sta. Rosa,Laguna,REGION 4 - SOUTHERN TAGALOG,04000,94
406,SSSZ,SUBIC SHIPYARD - SEZ,"Cabaangan Point, Cawag Subic, ",Subic,Zambales,REGION 3 - CENTRAL LUZON,03000,48
407,SOOT,SUMMIT ONE OFFICE TOWER,"Shaw Boulevard, Mandaluyong",Mandaluyong,Metro Manila,NCR - METRO MANILA,NC000,51
408,SUNP,SUN PLAZA,,Mandaluyong,Metro Manila,NCR - METRO MANILA,NC000,209
409,SFIB,SUNTRUST ECOTOWN TANZA,,Tanza,Cavite,REGION 4 - SOUTHERN TAGALOG,04000,428
410,SUPI,SUPIMA E-CIRCLE,,Meycauayan,Bulacan,REGION 3 - CENTRAL LUZON,03000,194
411,SITC,SYNERGIS I.T. CENTER,Cebu City,Cebu City,Cebu,REGION 7 - CENTRAL VISAYAS,07000,199
412,TECO,TECO - SEZ,"Barangays Bundagul and Paralayunan, Mabalacat, Pampanga",Mabalacat,Pampanga,REGION 3 - CENTRAL LUZON,03000,57
413,TGIP,THE GRAND IT PARK,,,,,,366
414,TLIT,THE LAKESHORE INFORMATION TECHNOLOGY COMPLEX,,,,,,367
415,THPT,THE PEAK TOWER,,,,,,368
416,TIMP,TIMES PLAZA,,,,,,369
417,TWOS,TWO SANPARQ,,Bacolod,Negros Occidental,REGION 6 - WESTERN VISAYAS,06000,376
418,TAEZ,TABANGAO - SEZ,"San Vicente, Batangas",Tabangao,Batangas,REGION 4 - SOUTHERN TAGALOG,04000,60
419,TITP,TAFT INFORMATION TECHNOLOGY PARK,"Poblacion and Subangdaku, Mandaue City",,,,,106
420,TSEZ,TAGANITO SPECIAL ECONOMIC ZONE,,Claver,Surigao del Norte,REGION 13 - CARAGA,13000,238
421,TPIP,TARLAC PROVINCIAL INFORMATION TECHNOLOGY PARK II,,Tarlac,Tarlac,REGION 3 - CENTRAL LUZON,03000,188
422,TASC,THE ANNEX-SM CITY DAVAO IT CENTER,,Davao City,Davao,REGION 11 - SOUTHERN MINDANAO,11000,402
423,TBIT,THE BLOCK INFORMATION TECHNOLOGY PARK,,Bacolod,Negros Occidental,REGION 6 - WESTERN VISAYAS,06000,110
424,THDC,THE DISCOVERY CENTRE,,Pasig,Metro Manila,NCR - METRO MANILA,NC000,174
425,THEC,THE ENTERPRISE CENTER,6766 Ayala Avenue corner Paseo de Roxas Makati City,Makati,Metro Manila,NCR - METRO MANILA,NC000,10
426,THMN,THE MACTAN NEWTOWN,,Lapu-Lapu City,Cebu,REGION 7 - CENTRAL VISAYAS,07000,401
427,PACC,THE PARAGON CORPORATE CENTRE,"Muntinlupa, Metro Manila",Muntinlupa,Metro Manila,NCR - METRO MANILA,NC000,200
428,TPAC,THE PASEO CENTER,"Makati, Metro Manila",Makati,Metro Manila,NCR - METRO MANILA,NC000,206
429,ROBC,THE ROCKWELL BUSINESS CENTER,,Pasig,Metro Manila,NCR - METRO MANILA,NC000,243
430,TAIE,TIGERLAND AGRO-INDUSTRIAL ECONOMIC ZONE,,,,,,218
431,TCC1,TOTAL CORPORATE CENTER I,,,,,,190
432,TSRS,TOYOTA STA. ROSA - SEZ,"Pulong Sta. Cruz, Sta. Rosa, Laguna",Sta. Rosa,Laguna,REGION 4 - SOUTHERN TAGALOG,04000,35
433,TRAF,TRAFALGAR PLAZA,,Makati,Metro Manila,NCR - METRO MANILA,NC000,191
434,TRCE,TRANSCOM CENTER,,Pasig,Metro Manila,NCR - METRO MANILA,NC000,189
435,TRCB,TRANSCOM CENTER BACOLOD,,Bacolod,Negros Occidental,REGION 6 - WESTERN VISAYAS,06000,230
436,TMTT,TWENTY-FOUR SEVEN MCKINLEY,,Taguig,Metro Manila,NCR - METRO MANILA,NC000,461
437,UPTN,UP SCIENCE AND TECHNOLOGY PARK (NORTH),,Quezon City,Metro Manila,NCR - METRO MANILA,NC000,144
438,USTP,UP SCIENCE AND TECHNOLOGY PARK (SOUTH),"CP Garcia Road, Q.C.",Quezon City,Metro Manila,NCR - METRO MANILA,NC000,102
439,UNZL,UNDETERMINED ZONE LOCATION,Undetermined Zone Location,,,,,124
440,UNBP,UNIONBANK PLAZA,,Pasig,Metro Manila,NCR - METRO MANILA,NC000,117
441,UQCU,UNITED POWDERCOATING SERVICES INC.,Cavite Economic Zone,,,,,429
442,VTTO,V TECH TOWER,,Quezon City,Metro Manila,NCR - METRO MANILA,NC000,132
443,VUOO,V-CORPORATE CENTRE,,Makati,Metro Manila,NCR - METRO MANILA,NC000,440
444,VSEZ,VALENCIA SPECIAL ECONOMIC ZONE,Negros,Valencia,Negros Oriental,REGION 7 - CENTRAL VISAYAS,07000,374
445,VELC,VELCO CENTER,,,,,,370
446,VWSZ,VICTORIA WAVE - SEZ,"Malaria, Tala, Caloocan City",Caloocan,Metro Manila,NCR - METRO MANILA,NC000,44
447,VJPO,VILLA ANGELA TECHNO PARK,,Bacolod,Negros Occidental,REGION 6 - WESTERN VISAYAS,06000,436
448,VIDC,VITRO INTERNET DATA CENTER BUILDING,,Pasig,Metro Manila,NCR - METRO MANILA,NC000,186
449,WFIA,W FIFTH AVENUE,,Taguig,Metro Manila,NCR - METRO MANILA,NC000,403
450,WOFF,W OFFICES,,,,,,371
451,WALT,WALTERMART - NORTH EDSA,,Quezon City,Metro Manila,NCR - METRO MANILA,NC000,263
452,WCIP,WEST CEBU INDUSTRIAL PARK - SEZ,"Arpili & Buanoy, Balamban, Cebu",Balamban,Cebu,REGION 7 - CENTRAL VISAYAS,07000,27
453,WS12,WEST STAR,,,,,,166
454,WWCC,WORLDWIDE CORPORATE CENTER,,Mandaluyong,Metro Manila,NCR - METRO MANILA,NC000,173
455,WYCP,WYNSUM CORPORATE PLAZA,,Pasig,Metro Manila,NCR - METRO MANILA,NC000,133
456,YTMI,YTMI REALTY - SEZ,"Barangay Makiling, Calamba, Laguna",Calamba,Laguna,REGION 4 - SOUTHERN TAGALOG,04000,53
457,ZEIP,ZAMBALES ECOZONE INDUSTRIAL PARK,,,,,,372
458,ZUEB,ZUELLIG BUILDING,,Makati,Metro Manila,NCR - METRO MANILA,NC000,373
459,CJLO,CENTRAL TECHNOPARK,,,,,,466
460,DADC,DADC ECONOMIC ZONE,,Sta. Cruz,Davao del Sur,REGION 11 - SOUTHERN MINDANAO,11000,251
461,ENTB,ENTEC BUILDING,,Angeles,Pampanga,REGION 3 - CENTRAL LUZON,03000,411
462,EPVJ,EPLDT VENTUS JUPITER BUILDING,,Makati,Metro Manila,NCR - METRO MANILA,NC000,269
463,EPLD,EPLDT VENTUS LIBERTAD BUILDING,,Mandaluyong,Metro Manila,NCR - METRO MANILA,NC000,253
464,GTEP,GREEN TOURISM ECOZONE - PANGULASIAN,,El Nido,Palawan,REGION 4 - SOUTHERN TAGALOG,04000,250
465,NCTP,NAGA CITY TECHNOLOGY PARK,,Naga City,Camarines Sur,REGION 5 - BICOL,05000,404
